01 Blue Train-27.wav,9
01. Flight Time-4.wav,1
01 Julian Bream - Albeniz- Mallorca, Opus 202-10.wav,2
[1] - 03 - Alexandre Lagoya - Canarios (Sanz)-5.wav,2
01 Just One Of Those Things-17.wav,3
01 - roads-23.wav,11
01 Julian Bream - Albeniz- Mallorca, Opus 202-9.wav,2
01 El Patufet-1.wav,11
01 Julian Bream - Albeniz- Mallorca, Opus 202-20.wav,5
01 - Airdrop-10.wav,5
01) Bert Jansch - Avocet-11.wav,11
01-pet_shop_boys-minimal_(radio_edit)-gti-13.wav,5
01 - roads-4.wav,8
01 - Da Duh Dah-10.wav,9
01 - Honky Cat-26.wav,4
1.1_Stranger On The Shore-2.wav,1
01 - Chet Baker - Prayer For The Newborn-18.wav,4
01. Helmet - Pure-10.wav,8
01 Blue Train-30.wav,9
01 - Orchids in the Moonlight-9.wav,2
1 - Hank's Other Bag-9.wav,9
01-ode_to_the_sun-ar-7.wav,11
01 the other side of the crash_over-2.wav,11
01. The Chosen Hour-2.wav,8
01. destroy everything you touch (single mix)-10.wav,11
01 - So What-5.wav,11
02 - Bo-Do-2.wav,7
01 - So What-29.wav,5
01-mogwai-i_m_jim_morrison_i_m_dead-cocmp3-23.wav,5
01 - Hilary Hahnn_BWV 1042 - I. AllegroA-15.wav,5
01) Bert Jansch - Avocet-38.wav,2
01. Caravan-11.wav,8
01 El Patufet-3.wav,4
01. Helmet - Pure-15.wav,8
[1] - 03 - Alexandre Lagoya - Canarios (Sanz)-4.wav,2
01 - Orchids in the Moonlight-2.wav,2
01 - Led Zeppelin - Custard Pie-8.wav,8
02 - And The Body Will Die-6.wav,11
02 - Bo-Do-13.wav,9
01 Emily-29.wav,11
01-ode_to_the_sun-ar-1.wav,5
00 - yazoo - dont go-4.wav,11
1.1_Stranger On The Shore-12.wav,1
01 - Inolvidable-7.wav,2
1 - Hank's Other Bag-7.wav,9
01 Blue Train-29.wav,4
01 Blue Train-23.wav,10
01 - roads-21.wav,7
01 - So What-24.wav,9
1 - Hank's Other Bag-11.wav,9
01 El Patufet-6.wav,11
01. The Best Of Wayne Shorter - The Blue Note Years - [Speak No Evil]-27.wav,4
01 - Led Zeppelin - Custard Pie-14.wav,8
01) Bert Jansch - Avocet-61.wav,2
01. Caravan-6.wav,8
01 - Honky Cat-12.wav,5
01 - roads-18.wav,11
01-ode_to_the_sun-ar-5.wav,11
02 - Bo-Do-12.wav,4
01 Blue Train-22.wav,10
(02) dont kill the whale-1.wav,4
01. The Best Of Wayne Shorter - The Blue Note Years - [Speak No Evil]-21.wav,9
01. destroy everything you touch (single mix)-3.wav,11
01 Booker T. Jones - Pound It Out-3.wav,11
01 - roads-19.wav,11
01 - Orchids in the Moonlight-3.wav,2
01 - So What-31.wav,1
01 - La leyenda del tiempo-2.wav,8
01 Don't Get Around Much Anymore-12.wav,10
01. Caravan-5.wav,8
01 - Chet Baker - Prayer For The Newborn-12.wav,9
02 - Bo-Do-1.wav,4
01. It Don't Mean a Thing (If It Ain't Got That Swing)-3.wav,9
01 Julian Bream - Albeniz- Mallorca, Opus 202-13.wav,2
01. It Don't Mean a Thing (If It Ain't Got That Swing)-7.wav,9
01 Don't Get Around Much Anymore-9.wav,4
01 - roads-15.wav,11
01-ode_to_the_sun-ar-6.wav,11
01 Emily-26.wav,11
01 - Roadgame-10.wav,8
01) Bert Jansch - Avocet-59.wav,2
01 - Inolvidable-5.wav,9
00 - gold fronts-1.wav,11
02 - synergistic perceptions-11.wav,1
01 - Orchids in the Moonlight-5.wav,2
01 Blue Train-36.wav,4
01 Blue Train-28.wav,9
01 - roads-20.wav,8
01. Helmet - Pure-6.wav,11
01 - Paganini - Eliot Fisk, Guitar - No. 1 in E-major-3.wav,2
01. Offering-9.wav,8
01 Julian Bream - Albeniz- Mallorca, Opus 202-5.wav,2
01 - So What-1.wav,9
01. It Don't Mean a Thing (If It Ain't Got That Swing)-9.wav,2
01. The Best Of Wayne Shorter - The Blue Note Years - [Speak No Evil]-25.wav,5
01. destroy everything you touch (single mix)-5.wav,11
01 Don't Get Around Much Anymore-1.wav,11
01 Blue Train-37.wav,4
01 - 999-1.wav,8
01) Jeff Beck - Hi-Ho Silver Lining-6.wav,11
01 Emily-1.wav,11
02 - synergistic perceptions-14.wav,5
01. It Don't Mean a Thing (If It Ain't Got That Swing)-1.wav,9
01 Just One Of Those Things-14.wav,9
01- tangerine dream - kiew mission-8.wav,10
01. Offering-13.wav,1
1 - Hank's Other Bag-8.wav,9
01. It Don't Mean a Thing (If It Ain't Got That Swing)-12.wav,9
02 - And The Body Will Die-2.wav,8
01 - Led Zeppelin - Custard Pie-1.wav,11
01 - Orchids in the Moonlight-7.wav,2
(02) dont kill the whale-4.wav,11
01 - Inolvidable-12.wav,11
01. The Best Of Wayne Shorter - The Blue Note Years - [Speak No Evil]-22.wav,9
01-mogwai-i_m_jim_morrison_i_m_dead-cocmp3-22.wav,5
01 - Paganini - Eliot Fisk, Guitar - No. 1 in E-major-2.wav,2
01. In The Crease-14.wav,3
01. sensing-12.wav,9
[1] - 03 - Alexandre Lagoya - Canarios (Sanz)-7.wav,2
01. It Don't Mean a Thing (If It Ain't Got That Swing)-8.wav,9
(02) dont kill the whale-8.wav,8
01. In The Crease-3.wav,9
01 Volunteered Slavery-4.wav,11
01 - La leyenda del tiempo-15.wav,3
1.1_Stranger On The Shore-11.wav,4
01 the other side of the crash_over-22.wav,11
01) Bert Jansch - Avocet-45.wav,2
00 - yazoo - dont go-5.wav,11
01-pet_shop_boys-minimal_(radio_edit)-gti-12.wav,11
01 - Paganini - Eliot Fisk, Guitar - No. 1 in E-major-1.wav,2
01 Blue Train-21.wav,3
01 the other side of the crash_over-15.wav,8
01-ode_to_the_sun-ar-8.wav,11
01. It Don't Mean a Thing (If It Ain't Got That Swing)-5.wav,9
01) Bert Jansch - Avocet-48.wav,3
01 - roads-5.wav,7
01 Julian Bream - Albeniz- Mallorca, Opus 202-11.wav,2
01 Emily-30.wav,11
01 - Honky Cat-28.wav,4
01. Caravan-3.wav,8
01. In The Crease-11.wav,9
01. The Best Of Wayne Shorter - The Blue Note Years - [Speak No Evil]-23.wav,9
01 - Roadgame-21.wav,4
01-pet_shop_boys-minimal_(radio_edit)-gti-8.wav,11
01. Flight Time-3.wav,3
01 - Roadgame-7.wav,7
00 - yazoo - dont go-8.wav,2
01 - So What-27.wav,9
01 Just One Of Those Things-18.wav,9
01 - Chet Baker - Prayer For The Newborn-17.wav,2
01 - roads-22.wav,11
01 Julian Bream - Albeniz- Mallorca, Opus 202-2.wav,2
02 - synergistic perceptions-16.wav,8
01. Caravan-2.wav,3
01) Bert Jansch - Avocet-1.wav,2
01. destroy everything you touch (single mix)-13.wav,11
[1] - 03 - Alexandre Lagoya - Canarios (Sanz)-6.wav,2
01. In The Crease-12.wav,9
01 Julian Bream - Albeniz- Mallorca, Opus 202-7.wav,2
01 Volunteered Slavery-2.wav,4
[1] - 03 - Alexandre Lagoya - Canarios (Sanz)-1.wav,2
01 - Honky Cat-32.wav,4
01 Julian Bream - Albeniz- Mallorca, Opus 202-8.wav,2
01 - Orchids in the Moonlight-1.wav,2
01. Helmet - Pure-13.wav,11
01 - Orchids in the Moonlight-6.wav,2
00 - gold fronts-10.wav,11
1.1_Stranger On The Shore-1.wav,3
01. sensing-2.wav,4
01) Bert Jansch - Avocet-37.wav,2
02 - Time Remembered-1.wav,2
01 El Patufet-7.wav,11
01 Just One Of Those Things-19.wav,3
01 Don't Get Around Much Anymore-10.wav,10
01. Caravan-10.wav,2
01 Julian Bream - Albeniz- Mallorca, Opus 202-4.wav,2
01. Offering-16.wav,2
01 - Roadgame-22.wav,2
02 - And The Body Will Die-10.wav,11
01 Chuck Mangione_Feels So Good_Feels So Good-6.wav,11
01 Blue Train-1.wav,4
01 - Paganini - Eliot Fisk, Guitar - No. 1 in E-major-5.wav,2
01. It Don't Mean a Thing (If It Ain't Got That Swing)-6.wav,9
1.1_Stranger On The Shore-8.wav,10
01 - Da Duh Dah-11.wav,8
01) Bert Jansch - Avocet-26.wav,2
01 Volunteered Slavery-1.wav,4
[1] - 03 - Alexandre Lagoya - Canarios (Sanz)-2.wav,2
01-pet_shop_boys-minimal_(radio_edit)-gti-5.wav,11
01 Just One Of Those Things-15.wav,3
01. Flight Time-7.wav,7
01. In The Crease-13.wav,9
01 - Paganini - Eliot Fisk, Guitar - No. 1 in E-major-4.wav,2
01 Don't Get Around Much Anymore-5.wav,11
01 Just One Of Those Things-16.wav,7
01 Julian Bream - Albeniz- Mallorca, Opus 202-14.wav,2
01 - Led Zeppelin - Custard Pie-16.wav,8
01 - Roadgame-23.wav,2
01 Julian Bream - Albeniz- Mallorca, Opus 202-15.wav,6
02 - synergistic perceptions-10.wav,2
02 - Bo-Do-14.wav,8
1.1_Stranger On The Shore-4.wav,10
01 Julian Bream - Albeniz- Mallorca, Opus 202-16.wav,2
01 Don't Get Around Much Anymore-6.wav,4
01. Helmet - Pure-3.wav,4
01 - Inolvidable-1.wav,4
01 - Inolvidable-6.wav,1
01. Offering-11.wav,8
01) Bert Jansch - Avocet-35.wav,2
[1] - 03 - Alexandre Lagoya - Canarios (Sanz)-8.wav,5
01 Julian Bream - Albeniz- Mallorca, Opus 202-18.wav,2
01-pet_shop_boys-minimal_(radio_edit)-gti-11.wav,11
1 - Hank's Other Bag-10.wav,9
01 - Roadgame-8.wav,9
01) Bert Jansch - Avocet-60.wav,2
01 Emily-34.wav,11
01 Blue Train-26.wav,9
[1] - 03 - Alexandre Lagoya - Canarios (Sanz)-3.wav,2
01-ode_to_the_sun-ar-4.wav,11
01 - Roadgame-1.wav,11
01. It Don't Mean a Thing (If It Ain't Got That Swing)-11.wav,9
01 Julian Bream - Albeniz- Mallorca, Opus 202-21.wav,2
01 - roads-12.wav,8
01 - La leyenda del tiempo-7.wav,2
01 - Roadgame-9.wav,2
01-mogwai-i_m_jim_morrison_i_m_dead-cocmp3-1.wav,2
01. destroy everything you touch (single mix)-8.wav,11
01. The Best Of Wayne Shorter - The Blue Note Years - [Speak No Evil]-24.wav,4
01. I Don't Worry About a Thing-5.wav,5
01 - roads-8.wav,8
01 - Honky Cat-25.wav,5
01- tangerine dream - kiew mission-12.wav,11
01 - So What-4.wav,5
01- tangerine dream - kiew mission-10.wav,4
01. The Best Of Wayne Shorter - The Blue Note Years - [Speak No Evil]-20.wav,9
02 - And The Body Will Die-1.wav,11
01. Offering-7.wav,8
01 - Roadgame-30.wav,3
01 - Paganini - Eliot Fisk, Guitar - No. 1 in E-major-6.wav,2
01 Organ Grinder's Swing-7.wav,11
02 - synergistic perceptions-13.wav,11
01. Caravan-8.wav,4
01 - Chet Baker - Prayer For The Newborn-11.wav,9
01. It Don't Mean a Thing (If It Ain't Got That Swing)-13.wav,9
01-ode_to_the_sun-ar-2.wav,8
01 - Honky Cat-1.wav,2
01 - Canto das tre╠Вs rac╠зas-8.wav,3
01 Julian Bream - Albeniz- Mallorca, Opus 202-1.wav,2
01. It Don't Mean a Thing (If It Ain't Got That Swing)-10.wav,9
01) Bert Jansch - Avocet-29.wav,2
01 - Roadgame-3.wav,9
1.1_Stranger On The Shore-9.wav,1
01. Offering-10.wav,9
01 Julian Bream - Albeniz- Mallorca, Opus 202-3.wav,2
01. Offering-1.wav,8
01 - Da Duh Dah-1.wav,3
01 El Patufet-5.wav,11
01-pet_shop_boys-minimal_(radio_edit)-gti-2.wav,3
01 - Airdrop-9.wav,11
01 Julian Bream - Albeniz- Mallorca, Opus 202-19.wav,2
01 Don't Get Around Much Anymore-13.wav,11
1.1_Stranger On The Shore-3.wav,5
01 - Orchids in the Moonlight-10.wav,2
01 - Honky Cat-27.wav,4
01 - roads-7.wav,11
01-ode_to_the_sun-ar-14.wav,11
01 - Airdrop-8.wav,11
01 Start Making Noise-1.wav,2
01 - Airdrop-2.wav,5
02 - And The Body Will Die-13.wav,11
01. It Don't Mean a Thing (If It Ain't Got That Swing)-4.wav,9
01 Don't Get Around Much Anymore-4.wav,1
01. sensing-5.wav,2
01 - Roadgame-6.wav,9
01 Volunteered Slavery-5.wav,5
01 - Honky Cat-29.wav,7
01) Bert Jansch - Avocet-19.wav,2
00 - yazoo - dont go-9.wav,11
01. Flight Time-6.wav,4
01- tangerine dream - kiew mission-9.wav,11
01 - Orchids in the Moonlight-8.wav,1
01. In The Crease-15.wav,3
01 Julian Bream - Albeniz- Mallorca, Opus 202-6.wav,2
01 Blue Train-31.wav,4
(02) dont kill the whale-11.wav,11
01 the other side of the crash_over-6.wav,11
01 Julian Bream - Albeniz- Mallorca, Opus 202-17.wav,2
01 - So What-25.wav,9
01 Blue Train-25.wav,10
01. I Don't Worry About a Thing-4.wav,9
01 Julian Bream - Albeniz- Mallorca, Opus 202-12.wav,2
01 - Orchids in the Moonlight-11.wav,2
01. It Don't Mean a Thing (If It Ain't Got That Swing)-2.wav,9
01 - Roadgame-24.wav,2
01 - roads-13.wav,3
01. The Best Of Wayne Shorter - The Blue Note Years - [Speak No Evil]-26.wav,4
01 Don't Get Around Much Anymore-14.wav,3
01. sensing-8.wav,2
01. Helmet - Pure-12.wav,8
01 Blue Train-20.wav,11
01 - Honky Cat-24.wav,8
